{
    "frequency": 30.00046521374179,
    "amplitude": null,
    "success": true,
    "frequency_error": 0.0004652137417906488,
    "frequency_relative_error": 0.001550712472635496
}